Model,Accuracy,Precision,Recall,F1-Score,ROC-AUC,Training_Time,High_Risk_Precision,High_Risk_Recall,High_Risk_F1,Low_Risk_Precision,Low_Risk_Recall,Low_Risk_F1,Moderate_Risk_Precision,Moderate_Risk_Recall,Moderate_Risk_F1
LightGBM,0.758147512864494,0.6664760273845952,0.758147512864494,0.6563407650361822,0.4970603869405547,0.6104340553283691,0.7591868647380766,0.9979445015416238,0.8623445825932504,0.3333333333333333,0.0017301038062283738,0.0034423407917383822,0.4,0.006185567010309278,0.012182741116751269
XGBoost,0.7562763137377203,0.6286551058074742,0.7562763137377203,0.6555221607086913,0.5023689194025539,3.954678773880005,0.7589719479705376,0.9954779033915725,0.8612840120931887,0.08333333333333333,0.0017301038062283738,0.003389830508474576,0.3,0.006185567010309278,0.012121212121212121
Gradient Boosting,0.7559644472165913,0.6294467253282052,0.7559644472165913,0.6552980977650386,0.49577449469995716,312.65220308303833,0.7587774294670846,0.9950668036998972,0.8610048910626945,0.25,0.0017301038062283738,0.003436426116838488,0.20689655172413793,0.006185567010309278,0.012012012012012012
CatBoost,0.7430219865897396,0.6035896517697854,0.7430219865897396,0.6520759974256974,0.5029068285794519,16.22387456893921,0.7578611332801277,0.9759506680369989,0.8531895777178796,0.09722222222222222,0.012110726643598616,0.021538461538461538,0.13157894736842105,0.010309278350515464,0.019120458891013385
SVM,0.7305473257445814,0.609656222920712,0.7305473257445814,0.6520712332924047,0.508986679531751,618.3415377140045,0.7585756288794512,0.954573484069887,0.8453627013743515,0.1271186440677966,0.025951557093425604,0.04310344827586207,0.15028901734104047,0.026804123711340205,0.045494313210848646
Random Forest,0.6762825510681428,0.6063331027980556,0.6762825510681428,0.6306533247208619,0.4904591081040478,1.938981533050537,0.7580673916919237,0.8739979445015417,0.811915218636624,0.09763313609467456,0.11418685121107267,0.10526315789473684,0.1484375,0.01958762886597938,0.03460837887067395
Neural Network,0.6416653672228286,0.6120844233513469,0.6416653672228286,0.6259585288172563,0.5125296616975872,31.46552062034607,0.7622823984526113,0.8100719424460432,0.7854509217737917,0.11373390557939914,0.09169550173010381,0.10153256704980843,0.15572715572715573,0.12474226804123711,0.1385231825987407
